Campaign_ID,Channel,Region,Campaign_Type,Ad_Spend,Impressions,Clicks,Leads,Conversions,Revenue,CTR,Lead_Rate,Conversion_Rate,ROI,ROAS
CMP0001,Google Ads,South,Awareness,4132.16,31833,1034,251,15,4002.8,3.24820155184871,24.274661508704064,5.9760956175298805,-3.130566096182134,0.9686943390381787
CMP0002,Youtube Ads,East,Conversion,4910.96,48861,1409,316,12,3658.43,2.8836904688811114,22.427253371185238,3.79746835443038,-25.504789287634193,0.7449521071236581
CMP0003,Instagram Ads,North,Consideration,2759.06,19505,572,109,6,1590.01,2.9325813893873365,19.055944055944053,5.5045871559633035,-42.37131486810725,0.5762868513189274
CMP0004,Facebook Ads,North,Consideration,2375.58,20786,1386,380,18,3420.91,6.667949581449053,27.417027417027416,4.736842105263158,44.00314870473736,1.4400314870473736
CMP0005,Email,North,Awareness,1486.7,12565,1057,153,12,3327.03,8.412256267409472,14.474929044465467,7.8431372549019605,123.786237976727,2.23786237976727
CMP0006,Email,North,Conversion,1784.54,20013,1172,142,10,2681.12,5.856193474241743,12.1160409556314,7.042253521126761,50.241518822777856,1.5024151882277785
CMP0007,Email,West,Consideration,1719.91,12382,367,70,4,1090.58,2.963979970925537,19.07356948228883,5.714285714285714,-36.590868126820595,0.634091318731794
CMP0008,Youtube Ads,North,Consideration,3421.25,38101,2782,434,15,3590.72,7.301645626099053,15.600287562904386,3.4562211981566824,4.953452685421989,1.04953452685422
CMP0009,Facebook Ads,West,Conversion,4506.78,32401,2630,340,14,3382.37,8.117033424894293,12.927756653992395,4.117647058823529,-24.949298612313004,0.75050701387687
CMP0010,Instagram Ads,West,Conversion,3499.3,42781,2902,767,36,10216.7,6.7833851476122575,26.430048242591315,4.69361147327249,191.9641071071357,2.919641071071357
CMP0011,Email,North,Awareness,2226.84,21631,1376,295,27,6167.56,6.361240811797883,21.438953488372093,9.152542372881356,176.96466742109897,2.7696466742109895
CMP0012,Youtube Ads,North,Consideration,4038.71,29733,1184,176,10,2502.16,3.9821074227289546,14.864864864864865,5.681818181818182,-38.04556405386869,0.6195443594613131
CMP0013,Instagram Ads,North,Awareness,3282.33,35948,1973,433,26,6044.73,5.488483364860354,21.946274708565635,6.0046189376443415,84.1597279980989,1.841597279980989
CMP0014,Social Media,East,Conversion,2241.83,29094,2428,575,22,5745.06,8.345363305148828,23.68204283360791,3.826086956521739,156.2665322526686,2.562665322526686
CMP0015,Social Media,North,Awareness,2384.18,29109,1997,506,23,5360.35,6.860421175581435,25.338007010515774,4.545454545454546,124.82992055968931,2.248299205596893
CMP0016,Social Media,South,Consideration,1749.14,16137,1359,172,10,2526.09,8.421639709983268,12.656364974245768,5.813953488372093,44.41897160890495,1.4441897160890496
CMP0017,Social Media,South,Conversion,3257.77,32317,2501,705,32,7272.11,7.738960918402079,28.18872451019592,4.539007092198582,123.22355476292064,2.232235547629206
CMP0018,Google Ads,East,Conversion,3853.08,40665,3242,511,35,10871.12,7.972457887618345,15.761875385564467,6.8493150684931505,182.14104041442175,2.8214104041442174
CMP0019,Google Ads,West,Consideration,3727.07,42097,3348,510,27,9317.61,7.95306078817968,15.232974910394265,5.294117647058823,149.99825600270455,2.4999825600270453
CMP0020,Social Media,North,Conversion,2678.11,21654,1651,344,14,3880.0,7.624457375080816,20.835857056329495,4.069767441860465,44.878291033602046,1.4487829103360206
CMP0021,Facebook Ads,East,Awareness,4100.06,37537,2273,339,13,3401.38,6.0553587127367665,14.91421029476463,3.8348082595870205,-17.040726233274643,0.8295927376672536
CMP0022,Email,North,Conversion,877.07,7497,482,86,8,1863.28,6.429238362011472,17.842323651452283,9.30232558139535,112.44370460738592,2.1244370460738593
CMP0023,Social Media,South,Awareness,2478.89,20863,613,92,4,929.23,2.938215980443848,15.00815660685155,4.3478260869565215,-62.51427050010287,0.37485729499897136
CMP0024,Google Ads,South,Consideration,4560.64,54605,2776,457,31,9865.37,5.083783536306199,16.462536023054756,6.783369803063458,116.31547326690992,2.163154732669099
CMP0025,Google Ads,West,Conversion,3936.42,28421,1966,470,29,9633.32,6.917420217444848,23.90640895218718,6.170212765957447,144.7228700189512,2.447228700189512
CMP0026,Google Ads,South,Awareness,2811.4,33270,2000,552,23,5112.74,6.011421701232342,27.6,4.166666666666666,81.8574375755851,1.818574375755851
CMP0027,Social Media,South,Awareness,2467.78,25139,2041,259,9,2177.86,8.118859143164007,12.68985791278785,3.474903474903475,-11.7482109426286,0.882517890573714
CMP0028,Google Ads,East,Conversion,4171.86,52578,2311,488,21,5492.69,4.395374491232074,21.116399826914755,4.30327868852459,31.660458404644455,1.3166045840464444
CMP0029,Facebook Ads,North,Conversion,4193.78,40798,2282,474,21,4152.82,5.59341144173734,20.77125328659071,4.430379746835443,-0.9766845185012099,0.9902331548149879
CMP0030,Email,North,Consideration,1912.26,13729,596,147,9,2540.54,4.341175613664506,24.664429530201343,6.122448979591836,32.8553648562434,1.328553648562434
CMP0031,Facebook Ads,East,Conversion,3195.8,39017,1390,340,17,4415.5,3.562549657841454,24.46043165467626,5.0,38.16571750422429,1.3816571750422428
CMP0032,Email,West,Consideration,2420.15,26862,1472,340,33,9006.54,5.479860025314571,23.097826086956523,9.705882352941178,272.14800735491605,3.72148007354916
CMP0033,Email,North,Awareness,2158.19,17900,1155,220,19,4383.3,6.452513966480447,19.047619047619047,8.636363636363637,103.1007464588382,2.0310074645883818
CMP0034,Youtube Ads,South,Consideration,4733.3,51815,4402,566,33,8842.44,8.495609379523303,12.857791912766924,5.830388692579505,86.81342826357933,1.8681342826357932
CMP0035,Youtube Ads,North,Awareness,4125.59,42914,2974,827,34,8853.76,6.930139348464371,27.807666442501684,4.111245465538089,114.60591091213621,2.146059109121362
CMP0036,Instagram Ads,South,Conversion,3227.84,35524,2609,671,42,10525.77,7.344330593401644,25.71866615561518,6.259314456035768,226.0933007831863,3.260933007831863
CMP0037,Social Media,West,Consideration,2432.47,24974,632,112,5,1186.39,2.5306318571314166,17.72151898734177,4.464285714285714,-51.226942161671055,0.4877305783832895
CMP0038,Email,East,Consideration,1840.69,20565,993,199,13,3314.56,4.828592268417213,20.040281973816718,6.532663316582915,80.07160358343882,1.800716035834388
CMP0039,Facebook Ads,North,Consideration,4664.03,49984,2639,497,25,5674.23,5.279689500640205,18.83289124668435,5.030181086519115,21.659380407072852,1.2165938040707285
CMP0040,Google Ads,East,Conversion,4963.42,49014,1300,235,14,4017.73,2.6523034235116496,18.076923076923077,5.957446808510639,-19.053193161167098,0.809468068388329
CMP0041,Email,North,Awareness,2131.31,22693,1608,428,39,12010.15,7.085885515357158,26.616915422885572,9.11214953271028,463.51023548897155,5.635102354889716
CMP0042,Google Ads,South,Consideration,6044.45,42972,1579,191,13,4389.45,3.674485711626175,12.096263457884737,6.806282722513089,-27.38048953999123,0.7261951046000876
CMP0043,Email,East,Consideration,1833.76,13499,1094,200,12,3182.57,8.104304022520187,18.281535648994517,6.0,73.55433644533636,1.7355433644533638
CMP0044,Youtube Ads,North,Consideration,3856.06,32933,1386,242,13,3645.86,4.208544620896973,17.46031746031746,5.371900826446281,-5.451159992323766,0.9454884000767624
CMP0045,Social Media,South,Awareness,2913.24,32910,1361,264,9,1972.95,4.135521118201154,19.397501836884643,3.4090909090909087,-32.27643448531531,0.6772356551468469
CMP0046,Facebook Ads,East,Conversion,2582.32,28629,1027,220,10,1952.3,3.5872716476300255,21.421616358325217,4.545454545454546,-24.39744106075158,0.7560255893924842
CMP0047,Social Media,East,Conversion,1783.15,22784,1230,326,16,3322.35,5.398525280898876,26.504065040650403,4.9079754601226995,86.3191543055828,1.8631915430558281
CMP0048,Google Ads,North,Consideration,4533.0,48951,4018,917,70,23537.29,8.208208208208207,22.822299651567945,7.633587786259542,419.2431061107435,5.192431061107435
CMP0049,Facebook Ads,North,Conversion,3145.11,33545,1665,451,23,4926.91,4.963481889998509,27.087087087087085,5.099778270509978,56.65302644422611,1.566530264442261
CMP0050,Social Media,North,Conversion,2201.69,18540,1331,225,13,3114.72,7.179072276159655,16.9045830202855,5.777777777777778,41.469507514681894,1.4146950751468188
CMP0051,Youtube Ads,South,Conversion,3427.21,36819,1918,432,15,4487.02,5.209266954561503,22.523461939520335,3.4722222222222223,30.923404168405217,1.3092340416840522
CMP0052,Instagram Ads,North,Awareness,3150.66,38364,1458,200,7,1880.71,3.8004379105411323,13.717421124828533,3.5000000000000004,-40.30742765007966,0.5969257234992034
CMP0053,Youtube Ads,East,Consideration,4576.64,38405,1860,422,19,6134.07,4.8431193854966805,22.688172043010752,4.502369668246446,34.02998706474617,1.3402998706474618
CMP0054,Youtube Ads,East,Consideration,5451.79,42625,2843,548,23,6838.2,6.669794721407625,19.275413295814282,4.197080291970803,25.43036323849598,1.2543036323849597
CMP0055,Facebook Ads,North,Consideration,3968.7,34309,1021,138,7,1412.42,2.9758955376140372,13.516160626836434,5.072463768115942,-64.41101620177892,0.35588983798221085
CMP0056,Youtube Ads,North,Conversion,5043.13,45086,1740,319,10,2785.51,3.8592911325023285,18.333333333333332,3.1347962382445136,-44.766246358908056,0.5523375364109194
CMP0057,Email,West,Conversion,1875.75,23035,1475,318,22,5528.67,6.403299327110918,21.559322033898304,6.918238993710692,194.74450219912035,2.9474450219912036
CMP0058,Email,East,Conversion,1799.85,19828,1678,401,20,5307.49,8.462779907201936,23.897497020262218,4.987531172069826,194.88512931633193,2.9488512931633193
CMP0059,Email,South,Consideration,1571.58,16303,1344,203,18,4307.13,8.24388149420352,15.104166666666666,8.866995073891626,174.06368113618146,2.7406368113618145
CMP0060,Social Media,West,Awareness,2474.9,25281,778,156,9,2098.76,3.077409912582572,20.051413881748072,5.769230769230769,-15.198189825851543,0.8480181017414845
CMP0061,Google Ads,North,Conversion,5025.03,63129,2466,473,23,7986.45,3.9062871263603096,19.180859691808596,4.862579281183932,58.933379502211935,1.5893337950221194
CMP0062,Social Media,North,Conversion,2774.11,34848,2000,543,26,6665.91,5.73921028466483,27.150000000000002,4.788213627992634,140.2900389674526,2.4029003896745262
CMP0063,Instagram Ads,East,Awareness,3103.71,24104,1797,468,28,6038.59,7.4551941586458685,26.04340567612688,5.982905982905983,94.56038096342763,1.9456038096342765
CMP0064,Social Media,North,Conversion,2360.9,20820,849,156,5,1413.52,4.077809798270893,18.374558303886925,3.205128205128205,-40.12791731966623,0.5987208268033377
CMP0065,Social Media,South,Conversion,1673.71,15702,813,185,9,2531.06,5.177684371417654,22.75522755227552,4.864864864864865,51.224525156687825,1.5122452515668783
CMP0066,Facebook Ads,East,Consideration,3929.18,39220,3315,905,29,7501.02,8.452320244773075,27.300150829562593,3.2044198895027622,90.90548155085796,1.9090548155085796
CMP0067,Email,North,Consideration,1826.51,16956,1317,363,34,9958.35,7.767162066525124,27.5626423690205,9.366391184573002,445.21190686062494,5.452119068606249
CMP0068,Instagram Ads,East,Consideration,2946.6,26012,776,149,6,1639.85,2.9832385053052435,19.201030927835053,4.026845637583892,-44.34772279915835,0.5565227720084165
CMP0069,Email,North,Awareness,1809.13,19621,1458,209,20,6099.42,7.430813923857092,14.334705075445816,9.569377990430622,237.14658426978713,3.371465842697871
CMP0070,Youtube Ads,North,Consideration,3893.6,38633,2371,610,21,5816.84,6.137240183263013,25.727541121889498,3.4426229508196724,49.39490445859873,1.4939490445859873
CMP0071,Instagram Ads,North,Conversion,2424.84,22321,649,80,3,890.32,2.907575825455849,12.326656394453005,3.75,-63.28335065406377,0.36716649345936225
CMP0072,Social Media,South,Awareness,2362.65,24328,2017,399,16,3944.25,8.29085827030582,19.781854238968766,4.010025062656641,66.94178147419211,1.6694178147419212
CMP0073,Email,South,Consideration,1495.66,16220,615,142,12,2818.01,3.7916152897657214,23.089430894308943,8.450704225352112,88.41247342310419,1.8841247342310419
CMP0074,Instagram Ads,East,Consideration,2922.19,21531,1546,313,12,3594.61,7.180344619386002,20.245795601552395,3.8338658146964857,23.01082407372553,1.2301082407372552
CMP0075,Instagram Ads,North,Consideration,3080.28,39742,1563,227,9,2151.33,3.9328669920990387,14.5233525271913,3.9647577092511015,-30.15797265183685,0.6984202734816315
CMP0076,Instagram Ads,North,Conversion,2817.97,21434,1425,186,10,2997.11,6.648315760007464,13.052631578947368,5.376344086021505,6.3570584498770515,1.0635705844987706
CMP0077,Instagram Ads,South,Consideration,3235.95,28597,1785,383,19,4254.81,6.241913487428751,21.45658263305322,4.960835509138381,31.485653363000065,1.3148565336300007
CMP0078,Email,South,Consideration,2185.77,26927,1399,216,16,4138.97,5.195528651539347,15.439599714081487,7.4074074074074066,89.35981370409513,1.8935981370409514
CMP0079,Social Media,South,Conversion,2743.66,31869,817,159,7,1439.29,2.563619818632527,19.461444308445532,4.40251572327044,-47.541240532719065,0.5245875946728094
CMP0080,Email,North,Consideration,2045.97,17511,1236,178,14,3368.17,7.058420421449376,14.401294498381878,7.865168539325842,64.62460348880971,1.6462460348880972
CMP0081,Youtube Ads,East,Awareness,3889.25,29785,1723,347,19,4536.61,5.784791002182307,20.139291932675565,5.475504322766571,16.644854406376542,1.1664485440637655
CMP0082,Facebook Ads,North,Consideration,3975.38,39473,1342,239,11,2460.19,3.3997922630658937,17.80923994038748,4.602510460251046,-38.11434378600285,0.6188565621399715
CMP0083,Social Media,North,Awareness,1882.64,18368,1324,371,23,6212.3,7.208188153310105,28.02114803625378,6.199460916442049,229.9781158373348,3.299781158373348
CMP0084,Email,West,Awareness,1277.21,11357,752,149,10,2975.19,6.621466936691027,19.81382978723404,6.7114093959731544,132.94446488831124,2.329444648883112
CMP0085,Social Media,South,Consideration,3470.79,38026,2992,701,36,7545.56,7.868300636406669,23.42914438502674,5.1355206847360915,117.40180189524577,2.1740180189524576
CMP0086,Social Media,North,Consideration,2227.43,22520,765,193,9,2350.25,3.396980461811723,25.22875816993464,4.66321243523316,5.51397799257441,1.055139779925744
CMP0087,Instagram Ads,North,Conversion,2802.73,20817,535,156,9,2190.69,2.5700148916750734,29.1588785046729,5.769230769230769,-21.837280080492945,0.7816271991950705
CMP0088,Facebook Ads,West,Consideration,3719.67,32655,1501,389,17,3421.42,4.5965395804624105,25.916055962691537,4.370179948586118,-8.018184408831965,0.9198181559116804
CMP0089,Youtube Ads,West,Consideration,4732.36,40652,1067,143,8,2059.36,2.6247171110892453,13.402061855670103,5.594405594405594,-56.4834458916904,0.435165541083096
CMP0090,Google Ads,South,Consideration,4743.53,55097,3442,649,33,8541.08,6.247164092418825,18.85531667635096,5.084745762711865,80.05746775081006,1.8005746775081006
CMP0091,Email,West,Awareness,2230.33,24229,1376,175,18,5286.29,5.679144826447645,12.718023255813954,10.285714285714285,137.01828877341023,2.370182887734102
CMP0092,Instagram Ads,East,Conversion,3300.36,28901,2421,552,31,8616.65,8.376872772568424,22.800495662949196,5.615942028985507,161.08212437431064,2.6108212437431066
CMP0093,Instagram Ads,West,Awareness,3290.68,25563,1157,332,14,3430.9,4.526072839651058,28.69490060501296,4.216867469879518,4.2611253601079495,1.0426112536010794
CMP0094,Facebook Ads,East,Conversion,4294.98,41199,2116,487,25,5138.33,5.136046991431831,23.015122873345938,5.133470225872689,19.635714252452875,1.1963571425245287
CMP0095,Instagram Ads,South,Awareness,2880.52,35492,2262,387,25,7196.75,6.3732672151470755,17.108753315649867,6.459948320413436,149.84204240900948,2.498420424090095
CMP0096,Google Ads,South,Consideration,3990.73,48204,3862,638,47,13782.5,8.011783254501701,16.519937856033142,7.366771159874608,245.36287847085623,3.4536287847085623
CMP0097,Google Ads,South,Awareness,4571.18,53293,3430,521,34,11779.1,6.4361173137184995,15.189504373177842,6.525911708253358,157.68182394917721,2.5768182394917725
CMP0098,Google Ads,South,Conversion,4755.57,60035,1656,247,12,3842.24,2.7583909386191388,14.915458937198068,4.8582995951417,-19.20547904877859,0.807945209512214
CMP0099,Email,South,Consideration,1628.73,16344,1233,310,25,6868.04,7.544052863436123,25.141930251419303,8.064516129032258,321.68069600240676,4.216806960024067
CMP0100,Email,East,Consideration,1989.98,19999,857,190,17,5108.03,4.285214260713036,22.170361726954493,8.947368421052632,156.6875043970291,2.566875043970291
CMP0101,Email,East,Awareness,2217.88,17655,930,113,7,2009.76,5.267629566694987,12.150537634408602,6.1946902654867255,-9.383735819791879,0.9061626418020812
CMP0102,Facebook Ads,South,Conversion,4036.22,52272,1617,310,15,3040.66,3.0934343434343434,19.1713048855906,4.838709677419355,-24.665652516463425,0.7533434748353658
CMP0103,Social Media,West,Awareness,3251.46,34777,1261,231,13,3257.22,3.625959685999367,18.3187946074544,5.627705627705628,0.1771511874665462,1.0017715118746655
CMP0104,Google Ads,North,Conversion,3190.74,31629,2234,282,21,5608.09,7.063138259192512,12.623097582811102,7.446808510638298,75.761422115246,1.7576142211524601
CMP0105,Youtube Ads,South,Awareness,3815.09,34189,1160,203,11,3560.19,3.39290415045775,17.5,5.41871921182266,-6.681362693933828,0.9331863730606618
CMP0106,Social Media,West,Awareness,2688.79,24763,1285,321,19,4822.5,5.189193554900457,24.980544747081712,5.919003115264798,79.35576969566236,1.7935576969566236
CMP0107,Google Ads,North,Awareness,3127.72,34948,880,203,12,3925.33,2.5180267826485063,23.068181818181817,5.911330049261084,25.50132364789688,1.2550132364789688
CMP0108,Instagram Ads,South,Consideration,2049.16,15487,933,192,11,2399.92,6.024407567637374,20.578778135048232,5.729166666666666,17.11725780319742,1.1711725780319742
CMP0109,Social Media,South,Consideration,3193.95,33101,2026,489,28,6346.62,6.120661007220326,24.136229022704836,5.725971370143149,98.70755647395859,1.987075564739586
CMP0110,Email,East,Awareness,2449.97,29277,1607,215,12,3016.99,5.48895037059808,13.378967019290602,5.5813953488372094,23.143956864777937,1.2314395686477795
CMP0111,Social Media,North,Conversion,2813.37,33005,1849,368,13,3010.39,5.602181487653386,19.902650081124932,3.532608695652174,7.002989297532852,1.0700298929753285
CMP0112,Email,North,Consideration,2109.52,20260,614,98,8,2303.56,3.0306021717670286,15.960912052117262,8.16326530612245,9.198301035306608,1.091983010353066
CMP0113,Youtube Ads,West,Consideration,3181.02,34409,2482,350,15,4632.92,7.213229097038565,14.101531023368253,4.285714285714286,45.64259262752199,1.45642592627522
CMP0114,Instagram Ads,East,Consideration,4001.21,37223,2207,498,21,5128.11,5.929129839077989,22.564567285908474,4.216867469879518,28.16398039593022,1.2816398039593022
CMP0115,Facebook Ads,East,Consideration,3691.29,32455,2643,440,17,4321.4,8.143583423201356,16.647748770336737,3.8636363636363633,17.07018413616919,1.1707018413616919
CMP0116,Youtube Ads,East,Consideration,2658.56,32039,1158,306,13,3576.83,3.614345017010519,26.42487046632124,4.248366013071895,34.540126986037556,1.3454012698603754
CMP0117,Instagram Ads,East,Awareness,2985.14,28720,1975,509,21,5583.79,6.876740947075209,25.772151898734176,4.12573673870334,87.05286854217893,1.8705286854217893
CMP0118,Social Media,North,Awareness,3297.51,25760,1805,430,27,5664.4,7.006987577639752,23.822714681440445,6.279069767441861,71.77809923245113,1.7177809923245113
CMP0119,Youtube Ads,North,Conversion,3829.69,32821,1306,369,14,3572.79,3.979159684348436,28.25421133231241,3.7940379403794036,-6.708114756024641,0.9329188524397536
CMP0120,Google Ads,South,Conversion,4046.02,46757,2430,631,28,8287.68,5.197082789742712,25.967078189300413,4.437400950871632,104.835369078749,2.04835369078749
CMP0121,Instagram Ads,South,Consideration,1690.91,15360,1213,150,9,2671.17,7.897135416666666,12.366034624896951,6.0,57.97233442347611,1.5797233442347611
CMP0122,Youtube Ads,East,Awareness,4520.6,46837,3803,492,21,5335.78,8.119648995452314,12.93715487772811,4.2682926829268295,18.032562049285477,1.1803256204928547
CMP0123,Social Media,East,Consideration,2857.42,23398,1378,280,17,4336.98,5.889392255748355,20.319303338171263,6.071428571428571,51.77957738099403,1.5177957738099404
CMP0124,Email,East,Consideration,1393.61,12677,403,59,4,975.35,3.178985564407983,14.640198511166252,6.779661016949152,-30.012700827347672,0.6998729917265233
CMP0125,Social Media,South,Awareness,2590.26,26266,837,230,12,2516.21,3.186629102261479,27.479091995221026,5.217391304347826,-2.8587863766571764,0.9714121362334283
CMP0126,Google Ads,West,Awareness,5068.37,57004,3284,442,27,7983.81,5.7609992281243425,13.45919610231425,6.108597285067873,57.52224087823108,1.5752224087823108
CMP0127,Instagram Ads,West,Conversion,3235.74,31625,1571,372,20,4358.98,4.967588932806325,23.679185232336092,5.376344086021505,34.713543115330644,1.3471354311533064
CMP0128,Youtube Ads,South,Conversion,4534.56,45685,3352,679,21,6379.87,7.337200394002408,20.25656324582339,3.0927835051546393,40.694356233019285,1.406943562330193
CMP0129,Email,South,Awareness,1590.71,12706,569,145,12,2875.73,4.478199275932631,25.48330404217926,8.275862068965518,80.78279510407302,1.8078279510407302
CMP0130,Google Ads,South,Awareness,3595.81,44109,3430,949,49,14322.74,7.776190800063479,27.667638483965014,5.163329820864067,298.31748618531014,3.9831748618531013
CMP0131,Google Ads,South,Awareness,4867.63,49806,2732,379,26,8578.53,5.485282897642854,13.872620790629576,6.860158311345646,76.2362792570512,1.7623627925705119
CMP0132,Social Media,South,Conversion,2464.97,22881,1636,480,18,4463.27,7.150037148726017,29.3398533007335,3.75,81.06792374755071,1.8106792374755072
CMP0133,Email,South,Awareness,2097.83,21954,1384,364,27,8215.38,6.304090370775257,26.300578034682083,7.417582417582418,291.61323844162774,3.9161323844162776
CMP0134,Social Media,East,Awareness,2199.34,22429,773,189,11,2536.69,3.4464309599179637,24.450194049159123,5.82010582010582,15.338692516845958,1.1533869251684596
CMP0135,Youtube Ads,East,Conversion,3664.99,29706,2336,555,19,5151.1,7.863731232747593,23.758561643835616,3.423423423423423,40.54881459430996,1.4054881459430997
CMP0136,Social Media,East,Awareness,2318.36,24787,743,207,12,2957.25,2.997539032557389,27.860026917900406,5.797101449275362,27.55784261288151,1.2755784261288152
CMP0137,Google Ads,East,Conversion,4139.79,53422,3476,814,40,13440.63,6.5066826401108155,23.417721518987342,4.914004914004914,224.66936728674645,3.246693672867464
CMP0138,Instagram Ads,South,Awareness,3244.28,31031,1077,131,7,1810.53,3.4707228255615354,12.163416898792944,5.343511450381679,-44.19316458505432,0.5580683541494569
CMP0139,Google Ads,West,Awareness,4638.2,34677,2388,367,29,9559.41,6.886408858897829,15.36850921273032,7.901907356948229,106.10172049501962,2.061017204950196
CMP0140,Youtube Ads,North,Awareness,4128.71,42297,2859,504,22,6757.18,6.7593446343712325,17.628541448058762,4.365079365079365,63.663226528382964,1.6366322652838297
CMP0141,Youtube Ads,South,Conversion,2410.46,24020,1794,323,11,3264.64,7.4687760199833475,18.004459308807135,3.4055727554179565,35.43638973473942,1.3543638973473942
CMP0142,Social Media,North,Conversion,2226.48,26619,826,134,5,1166.14,3.103046695969045,16.222760290556902,3.731343283582089,-47.624052315762995,0.52375947684237
CMP0143,Google Ads,West,Conversion,5421.22,59128,3681,675,52,15305.45,6.225476931403058,18.337408312958438,7.703703703703704,182.32482725290615,2.8232482725290615
CMP0144,Social Media,East,Consideration,2354.96,30319,1911,272,14,3238.32,6.302978330419869,14.23338566195709,5.147058823529411,37.51061589156504,1.3751061589156504
CMP0145,Social Media,West,Conversion,2290.92,18440,1407,226,13,2956.97,7.630151843817787,16.062544420753376,5.752212389380531,29.073472666003163,1.2907347266600318
CMP0146,Email,South,Conversion,1865.18,20250,1349,286,20,4807.01,6.661728395061727,21.200889547813194,6.993006993006993,157.7236513366002,2.5772365133660022
CMP0147,Facebook Ads,East,Awareness,3933.01,48089,3412,893,40,8281.68,7.095177691363929,26.172332942555688,4.479283314669653,110.5684958848312,2.105684958848312
CMP0148,Google Ads,South,Conversion,4335.76,53950,3519,777,36,10507.54,6.5227062094531965,22.08013640238704,4.633204633204633,142.3459785596989,2.423459785596989
CMP0149,Email,East,Awareness,2158.69,22191,1061,313,18,4670.13,4.781217610743093,29.5004712535344,5.7507987220447285,116.34092898934077,2.1634092898934076
CMP0150,Social Media,North,Awareness,2445.83,17737,1230,350,14,3865.41,6.934656368044201,28.455284552845526,4.0,58.040828675746056,1.5804082867574607
CMP0151,Youtube Ads,North,Awareness,4260.2,49093,3598,443,26,7752.43,7.32894710040128,12.312395775430796,5.8690744920993225,81.97338153138351,1.8197338153138352
CMP0152,Social Media,North,Awareness,2383.2,21040,1573,268,16,3415.31,7.476235741444867,17.037507946598858,5.970149253731343,43.30773749580397,1.4330773749580397
CMP0153,Email,West,Awareness,1919.0,14544,574,70,5,1242.08,3.946644664466447,12.195121951219512,7.142857142857142,-35.274622199062016,0.6472537780093799
CMP0154,Google Ads,South,Consideration,5589.67,59195,2535,441,32,8044.37,4.282456288537883,17.39644970414201,7.2562358276643995,43.914935944340186,1.4391493594434017
CMP0155,Youtube Ads,West,Consideration,4567.12,56421,2037,273,10,3045.88,3.610357845483065,13.402061855670103,3.6630036630036633,-33.308518278477464,0.6669148172152254
CMP0156,Social Media,North,Conversion,3269.78,23568,1413,422,25,6195.04,5.99541751527495,29.86553432413305,5.924170616113744,89.46351130657108,1.8946351130657106
CMP0157,Facebook Ads,South,Conversion,2999.08,22682,1804,433,21,5348.31,7.953443258971872,24.002217294900223,4.849884526558892,78.33168838443791,1.7833168838443791
CMP0158,Instagram Ads,North,Consideration,3128.72,32634,1829,361,17,4258.96,5.6045841760127475,19.737561509021322,4.7091412742382275,36.12467718427984,1.3612467718427985
CMP0159,Social Media,West,Awareness,2730.04,33730,1740,398,20,5074.05,5.158612511117699,22.873563218390807,5.025125628140704,85.85991414045216,1.8585991414045215
CMP0160,Instagram Ads,West,Consideration,3741.78,41967,1647,349,13,3199.88,3.9245121166630925,21.19004250151791,3.7249283667621778,-14.482412114020601,0.855175878859794
CMP0161,Google Ads,West,Consideration,5841.23,74202,4529,1149,73,22692.89,6.103609067141048,25.369838816515788,6.353350739773717,288.4950601157633,3.884950601157633
CMP0162,Facebook Ads,North,Awareness,3486.03,25885,1042,192,8,1524.12,4.02549739231215,18.426103646833013,4.166666666666666,-56.27920585881361,0.43720794141186387
CMP0163,Facebook Ads,South,Consideration,3321.81,42616,1912,395,13,3042.39,4.486577811150742,20.65899581589958,3.2911392405063293,-8.411679174907658,0.9158832082509234
CMP0164,Google Ads,South,Consideration,3676.53,31927,1194,254,11,2720.06,3.7397813762646037,21.273031825795645,4.330708661417323,-26.015563588492412,0.7398443641150758
CMP0165,Email,North,Consideration,1699.82,20084,1191,252,17,5198.42,5.930093606851225,21.158690176322416,6.746031746031746,205.8217928957184,3.058217928957184
CMP0166,Instagram Ads,South,Consideration,2593.84,24335,735,169,7,1698.95,3.0203410725292787,22.993197278911566,4.142011834319527,-34.50058600376276,0.6549941399623723
CMP0167,Social Media,North,Awareness,2984.2,29726,1995,595,21,4768.63,6.711296508107381,29.82456140350877,3.5294117647058822,59.7959252060854,1.5979592520608539
CMP0168,Social Media,South,Conversion,2509.59,23508,1182,229,14,3695.7,5.028075548749362,19.37394247038917,6.11353711790393,47.263098753182774,1.4726309875318278
CMP0169,Email,East,Conversion,1287.69,15378,1265,338,18,5020.43,8.226037195994278,26.71936758893281,5.325443786982249,289.8787751710427,3.8987877517104272
CMP0170,Facebook Ads,East,Awareness,4179.98,30542,1235,161,7,1679.07,4.043612075175169,13.036437246963562,4.3478260869565215,-59.83066904626339,0.40169330953736626
CMP0171,Facebook Ads,West,Conversion,3425.99,33360,1572,222,8,1958.73,4.712230215827338,14.122137404580155,3.6036036036036037,-42.8273287429327,0.5717267125706731
CMP0172,Email,East,Consideration,1511.25,11222,334,61,6,1691.04,2.976296560327927,18.263473053892216,9.836065573770492,11.896774193548385,1.1189677419354838
CMP0173,Google Ads,East,Conversion,3375.66,35653,912,213,17,5247.5,2.5579895099991585,23.355263157894736,7.981220657276995,55.45108215874822,1.5545108215874823
CMP0174,Social Media,East,Conversion,3134.92,38378,2626,372,22,4610.79,6.842461827088436,14.166031987814165,5.913978494623656,47.07839434499125,1.4707839434499126
CMP0175,Facebook Ads,North,Consideration,2858.87,20212,1017,176,7,1620.11,5.0316643578072435,17.305801376597838,3.977272727272727,-43.33040676910807,0.5666959323089192
CMP0176,Email,East,Awareness,1835.17,13327,431,95,7,2011.48,3.2340361671794104,22.041763341067284,7.368421052631578,9.6072843387806,1.096072843387806
CMP0177,Facebook Ads,East,Awareness,4228.21,47165,2395,577,20,4211.72,5.077917947630659,24.091858037578287,3.466204506065858,-0.3899995506372621,0.9961000044936273
CMP0178,Google Ads,West,Consideration,4522.96,53071,2748,724,55,18344.84,5.177969135686157,26.346433770014556,7.596685082872928,305.5936820135487,4.055936820135487
CMP0179,Youtube Ads,East,Consideration,3805.72,33921,2032,379,18,5331.2,5.990389434273754,18.651574803149607,4.749340369393139,40.08387374793732,1.4008387374793732
CMP0180,Email,East,Awareness,2062.7,22958,1089,163,12,2807.71,4.74344455091907,14.967860422405877,7.361963190184049,36.1181945993116,1.361181945993116
CMP0181,Social Media,South,Awareness,2361.38,18718,496,117,6,1395.66,2.649855753819853,23.588709677419356,5.128205128205128,-40.8964249718385,0.591035750281615
CMP0182,Email,West,Conversion,2052.61,15251,756,133,12,3313.51,4.957051996590388,17.59259259259259,9.022556390977442,61.42910733164118,1.6142910733164118
CMP0183,Youtube Ads,West,Conversion,3033.49,39217,2048,499,17,4681.6,5.222225055460642,24.365234375,3.406813627254509,54.330490623011805,1.543304906230118
CMP0184,Youtube Ads,West,Consideration,3484.09,24964,1381,405,16,3730.96,5.531966031084762,29.32657494569153,3.950617283950617,7.085637856656972,1.0708563785665697
CMP0185,Social Media,West,Awareness,2460.24,19583,517,132,6,1369.78,2.640044936935097,25.53191489361702,4.545454545454546,-44.32331805027152,0.5567668194972849
CMP0186,Facebook Ads,West,Awareness,3360.23,41668,1332,389,14,3575.7,3.1966977056734187,29.204204204204203,3.5989717223650386,6.412358677828594,1.064123586778286
CMP0187,Instagram Ads,West,Awareness,3633.49,46886,1983,581,28,6894.5,4.229407499040225,29.299041855774078,4.819277108433735,89.74869890931309,1.897486989093131
CMP0188,Facebook Ads,North,Conversion,3839.53,34718,1995,294,12,2744.54,5.746298749927991,14.736842105263156,4.081632653061225,-28.518855172377872,0.7148114482762212
CMP0189,Google Ads,East,Awareness,4682.37,45150,1947,324,16,4037.62,4.312292358803987,16.640986132511557,4.938271604938271,-13.769736266036217,0.8623026373396379
CMP0190,Social Media,West,Consideration,2725.38,24677,1017,298,15,3497.57,4.121246504842565,29.301868239921337,5.033557046979865,28.333296641202327,1.2833329664120232
CMP0191,Email,East,Awareness,1452.43,14036,878,182,13,4048.72,6.255343402678825,20.72892938496583,7.142857142857142,178.75491417830807,2.7875491417830807
CMP0192,Youtube Ads,East,Consideration,4067.95,49962,3117,693,33,8201.29,6.238741443497058,22.23291626564004,4.761904761904762,101.60744355264939,2.016074435526494
CMP0193,Youtube Ads,North,Conversion,3573.35,35209,2027,326,19,5993.43,5.757050754068562,16.082881105081402,5.828220858895705,67.72580351770749,1.677258035177075
CMP0194,Facebook Ads,West,Conversion,3531.35,40020,2281,630,19,4709.52,5.699650174912544,27.61946514686541,3.015873015873016,33.363161397199384,1.333631613971994
CMP0195,Social Media,South,Awareness,2621.11,22684,1760,510,18,4371.57,7.758772703226945,28.97727272727273,3.5294117647058822,66.78315675419954,1.6678315675419955
CMP0196,Social Media,North,Awareness,2345.56,30224,1632,449,22,5181.61,5.3996823716251985,27.512254901960787,4.8997772828507795,120.91142413751939,2.209114241375194
CMP0197,Instagram Ads,South,Awareness,2510.9,29053,1400,296,15,3945.18,4.8187794719994494,21.142857142857142,5.0675675675675675,57.12214743717391,1.5712214743717392
CMP0198,Youtube Ads,East,Conversion,3441.06,41958,3517,680,37,11164.67,8.38219171552505,19.334660221779927,5.4411764705882355,224.454383242373,3.24454383242373
CMP0199,Youtube Ads,East,Conversion,4290.03,35190,1110,303,13,4024.0,3.154305200341006,27.297297297297295,4.29042904290429,-6.201122136675029,0.9379887786332497
CMP0200,Instagram Ads,North,Consideration,3048.37,37673,1083,302,15,3857.44,2.8747378759323654,27.88550323176362,4.966887417218543,26.541069489596087,1.265410694895961
CMP0201,Facebook Ads,North,Consideration,4025.02,28636,1535,374,17,4085.52,5.360385528705127,24.364820846905538,4.545454545454546,1.5030981212515715,1.0150309812125158
CMP0202,Email,South,Conversion,1863.09,14544,624,115,11,2710.04,4.29042904290429,18.429487179487182,9.565217391304348,45.45942493384646,1.4545942493384647
CMP0203,Email,West,Awareness,2108.81,18489,478,120,12,3460.6,2.5853210016766726,25.10460251046025,10.0,64.1020291064629,1.6410202910646288
CMP0204,Youtube Ads,South,Conversion,4260.19,33472,2349,606,30,9056.94,7.017805927342256,25.798212005108557,4.9504950495049505,112.59474342693639,2.125947434269364
CMP0205,Facebook Ads,North,Consideration,3827.74,28829,1564,209,8,1746.78,5.425092788511568,13.363171355498721,3.827751196172249,-54.36523901832413,0.45634760981675876
CMP0206,Email,South,Consideration,2146.73,15877,729,102,10,3072.4,4.591547521572085,13.991769547325102,9.803921568627452,43.12000111797944,1.4312000111797945
CMP0207,Email,North,Consideration,1186.47,8852,487,128,11,2481.28,5.501581563488477,26.283367556468175,8.59375,109.1312886124386,2.0913128861243857
CMP0208,Facebook Ads,South,Awareness,3738.21,27802,1367,236,8,1669.1,4.916912452341558,17.264081931236284,3.389830508474576,-55.35028797205079,0.446497120279492
CMP0209,Email,North,Awareness,2068.75,18471,989,158,14,4341.22,5.354339234475665,15.975733063700709,8.860759493670885,109.84749244712992,2.098474924471299
CMP0210,Email,North,Conversion,1737.2,18450,857,202,12,3622.42,4.644986449864499,23.570595099183198,5.9405940594059405,108.52060787474096,2.08520607874741
CMP0211,Facebook Ads,North,Awareness,1643.36,17280,1079,143,6,1233.77,6.244212962962963,13.253012048192772,4.195804195804196,-24.923936325576864,0.7507606367442313
CMP0212,Facebook Ads,West,Consideration,3719.13,41965,3120,825,34,4170.67,7.434767067794591,26.442307692307693,4.121212121212121,12.141011473113334,1.1214101147311333
CMP0213,Facebook Ads,South,Awareness,3854.29,33256,1822,311,9,2119.28,5.47871060861198,17.06915477497256,2.8938906752411575,-45.01503519454945,0.5498496480545055
CMP0214,Social Media,South,Consideration,2270.97,16637,1163,206,6,1481.61,6.990442988519565,17.7128116938951,2.912621359223301,-34.75871543877726,0.6524128456122273
CMP0215,Instagram Ads,South,Awareness,2822.94,33976,857,140,9,2161.56,2.5223687308688487,16.33605600933489,6.428571428571428,-23.428765754851327,0.7657123424514867
CMP0216,Social Media,North,Consideration,2569.84,19559,911,153,9,2072.89,4.657702336520272,16.794731064763997,5.88235294117647,-19.33777978395543,0.8066222021604457
CMP0217,Social Media,South,Conversion,2618.15,25141,2001,376,23,4864.51,7.959110616125055,18.790604697651176,6.117021276595745,85.79951492466054,1.8579951492466054
CMP0218,Instagram Ads,South,Awareness,3104.54,34529,1886,357,20,5481.75,5.462075356946335,18.928950159066808,5.602240896358544,76.57205254240564,1.7657205254240564
CMP0219,Facebook Ads,North,Consideration,4225.58,54071,3820,1112,50,10497.5,7.0647851898429845,29.109947643979055,4.496402877697841,148.4274348136824,2.484274348136824
CMP0220,Youtube Ads,East,Consideration,4767.76,36388,2616,617,19,5006.97,7.189183247224359,23.585626911314986,3.079416531604538,5.017240800711446,1.0501724080071144
CMP0221,Facebook Ads,North,Conversion,3600.34,34550,1812,285,10,2154.76,5.244573082489146,15.728476821192054,3.508771929824561,-40.15120794147219,0.5984879205852781
CMP0222,Facebook Ads,South,Conversion,3989.58,29180,2073,404,20,5049.54,7.104180945853324,19.48866377231066,4.9504950495049505,26.568210187538536,1.2656821018753854
CMP0223,Email,North,Conversion,2001.6,19683,1531,243,21,5802.41,7.778285830412031,15.871979098628348,8.641975308641975,189.88858912869705,2.8988858912869704
CMP0224,Google Ads,East,Awareness,3339.04,29289,972,230,17,4735.11,3.318652053672027,23.662551440329217,7.391304347826087,41.81052038909387,1.4181052038909385
CMP0225,Social Media,North,Awareness,1964.76,22161,818,229,9,2114.05,3.6911691710662877,27.995110024449875,3.9301310043668125,7.598383517579766,1.0759838351757975
CMP0226,Social Media,South,Awareness,3239.2,23803,754,160,6,1645.08,3.1676679410158384,21.220159151193634,3.75,-49.21338602123981,0.5078661397876019
CMP0227,Youtube Ads,East,Consideration,3739.52,37235,1834,395,19,4378.32,4.925473344971129,21.53762268266085,4.810126582278481,17.08240629813451,1.1708240629813451
CMP0228,Google Ads,West,Awareness,3448.27,33739,2793,596,42,11682.48,8.278253653042473,21.339061940565703,7.046979865771812,238.79249594724308,3.3879249594724308
CMP0229,Youtube Ads,South,Consideration,4402.2,44584,3725,531,16,4836.48,8.35501525210838,14.255033557046982,3.0131826741996233,9.865067466266861,1.0986506746626685
CMP0230,Facebook Ads,East,Consideration,4065.38,48146,1550,260,7,1467.09,3.219374402857974,16.7741935483871,2.6923076923076925,-63.91259857627085,0.36087401423729143
CMP0231,Instagram Ads,East,Consideration,3055.0,27765,1313,157,7,1883.46,4.728975328651179,11.957349581111957,4.45859872611465,-38.348281505728316,0.6165171849427169
CMP0232,Google Ads,West,Conversion,5371.06,68992,5231,649,52,16951.72,7.582038497217068,12.40680558210667,8.012326656394453,215.61218828313216,3.156121882831322
CMP0233,Facebook Ads,North,Awareness,3455.36,32439,1400,184,6,1235.93,4.315792718641142,13.142857142857142,3.260869565217391,-64.23151278014447,0.35768487219855527
CMP0234,Google Ads,North,Awareness,5326.34,52754,3684,756,34,11686.33,6.98335671228722,20.521172638436482,4.497354497354497,119.4063841211789,2.194063841211789
CMP0235,Social Media,South,Conversion,2509.4,32061,946,175,7,1543.15,2.9506253703876983,18.49894291754757,4.0,-38.50522037140352,0.6149477962859647
CMP0236,Instagram Ads,West,Consideration,3124.58,24511,1528,398,22,4957.9,6.2339357839337435,26.04712041884817,5.527638190954774,58.674125802507845,1.5867412580250786
CMP0237,Social Media,North,Conversion,2724.2,25414,1663,277,12,3372.83,6.5436373652317625,16.65664461815995,4.332129963898916,23.80992584979077,1.2380992584979078
CMP0238,Email,West,Consideration,2169.41,18967,1009,282,25,5666.51,5.3197659092107346,27.94846382556987,8.865248226950355,161.20051073794258,2.612005107379426
CMP0239,Facebook Ads,North,Awareness,3058.83,23876,1969,424,14,3157.65,8.246775004188306,21.53377348908075,3.30188679245283,3.2306470120928648,1.0323064701209286
CMP0240,Email,East,Conversion,2477.01,27439,811,137,13,3416.78,2.9556470716862857,16.892725030826142,9.48905109489051,37.93969342069673,1.3793969342069672
CMP0241,Youtube Ads,North,Conversion,2347.27,17049,595,119,4,936.89,3.4899407589887974,20.0,3.361344537815126,-60.08597221453008,0.3991402778546993
CMP0242,Youtube Ads,West,Conversion,4976.47,60025,5034,1322,72,18170.41,8.386505622657227,26.261422328168454,5.446293494704992,265.12648523953726,3.6512648523953724
CMP0243,Youtube Ads,East,Awareness,2778.12,26730,1620,215,10,3222.21,6.0606060606060606,13.271604938271606,4.651162790697675,15.98527061466028,1.1598527061466029
CMP0244,Google Ads,East,Consideration,4549.4,37035,2687,761,62,21325.13,7.25529904144728,28.321548195013023,8.14717477003942,368.74598848199776,4.687459884819977
CMP0245,Email,East,Consideration,1937.99,22371,776,159,14,3409.11,3.4687765410576192,20.489690721649485,8.80503144654088,75.90957641680298,1.7590957641680298
CMP0246,Youtube Ads,West,Awareness,3913.44,42436,2758,411,19,5745.96,6.499198793477236,14.902102973168962,4.622871046228711,46.82632159941126,1.4682632159941127
CMP0247,Google Ads,South,Conversion,3963.33,27958,1297,371,19,5906.87,4.639101509406967,28.604471858134158,5.121293800539084,49.03805638188089,1.490380563818809
CMP0248,Youtube Ads,South,Awareness,3899.5,32492,1439,392,20,4770.3,4.428782469530961,27.241139680333564,5.1020408163265305,22.33106808565201,1.2233106808565202
CMP0249,Youtube Ads,South,Conversion,3593.42,35522,2299,324,12,3205.15,6.472045492933956,14.093083949543281,3.7037037037037033,-10.805026965954438,0.8919497303404557
CMP0250,Youtube Ads,West,Consideration,3853.57,48235,4080,522,27,7144.95,8.45858816212294,12.794117647058822,5.172413793103448,85.41119014316594,1.8541119014316594
CMP0251,Social Media,East,Awareness,3138.82,39268,3222,721,31,8374.78,8.205154324131609,22.377405338299194,4.2995839112343965,166.81300616155116,2.6681300616155115
CMP0252,Google Ads,South,Consideration,3746.08,31864,1875,346,24,6501.61,5.884383630429324,18.453333333333333,6.9364161849710975,73.5576923076923,1.7355769230769231
CMP0253,Youtube Ads,West,Conversion,3910.02,32551,889,112,4,1245.64,2.7310988909710914,12.598425196850393,3.571428571428571,-68.14236244315886,0.31857637556841145
CMP0254,Social Media,South,Conversion,2070.73,18004,1476,331,15,3790.91,8.198178182626084,22.425474254742547,4.531722054380665,83.07118745563157,1.8307118745563158
CMP0255,Email,North,Conversion,2323.98,20206,933,262,27,8160.02,4.617440364248243,28.081457663451232,10.305343511450381,251.12264305200566,3.5112264305200562
CMP0256,Facebook Ads,South,Conversion,3667.62,34903,2506,515,21,4257.97,7.179898576053634,20.55067837190742,4.077669902912621,16.096269515380556,1.1609626951538057
CMP0257,Youtube Ads,South,Conversion,3020.82,27155,2071,325,10,2360.21,7.626588105321304,15.692901979719942,3.076923076923077,-21.868565488840783,0.7813143451115921
CMP0258,Facebook Ads,East,Conversion,3835.63,48500,2687,520,25,6283.96,5.54020618556701,19.35243766282099,4.807692307692308,63.83123502527616,1.6383123502527617
CMP0259,Facebook Ads,West,Awareness,4400.79,51166,3288,484,24,5484.25,6.426142360161044,14.720194647201945,4.958677685950414,24.619670559149608,1.246196705591496
CMP0260,Email,East,Consideration,1452.98,12633,638,80,5,1453.32,5.050265178500752,12.539184952978054,6.25,0.023400184448507076,1.000234001844485
CMP0261,Facebook Ads,East,Awareness,3162.14,40597,1565,273,9,1842.68,3.854964652560534,17.444089456869012,3.296703296703297,-41.72680526478903,0.5827319473521096
CMP0262,Youtube Ads,East,Conversion,3923.97,27502,1891,556,20,5843.16,6.875863573558287,29.40243257535695,3.597122302158273,48.90939533176859,1.489093953317686
CMP0263,Email,East,Conversion,2015.89,19223,829,148,13,3839.25,4.312542267075899,17.85283474065139,8.783783783783784,90.44937967845466,1.9044937967845468
CMP0264,Google Ads,East,Awareness,4549.72,36805,1739,491,37,12819.14,4.72490150794729,28.234617596319723,7.535641547861507,181.7566795319272,2.817566795319272
CMP0265,Youtube Ads,South,Conversion,3480.55,36698,2372,318,14,4151.43,6.463567496866314,13.406408094435077,4.40251572327044,19.27511456522676,1.1927511456522677
CMP0266,Instagram Ads,East,Conversion,3768.08,30159,2166,487,33,7134.99,7.1819357405749535,22.48384118190212,6.7761806981519515,89.35346383303964,1.8935346383303964
CMP0267,Facebook Ads,East,Awareness,4021.49,35306,2396,614,18,4078.2,6.786381918087578,25.626043405676125,2.9315960912052117,1.4101738410390188,1.01410173841039
CMP0268,Instagram Ads,West,Consideration,2188.34,22000,1037,298,19,5196.61,4.713636363636364,28.736740597878494,6.375838926174497,137.4681265251286,2.374681265251286
CMP0269,Social Media,North,Conversion,2355.7,29507,1967,494,29,6583.64,6.666214796488969,25.114387391967462,5.870445344129554,179.4770132020207,2.7947701320202065
CMP0270,Social Media,South,Awareness,3307.85,39172,1438,261,11,3148.16,3.6709894822832636,18.15020862308762,4.21455938697318,-4.827607055942684,0.9517239294405732
CMP0271,Instagram Ads,South,Conversion,3237.33,36783,2160,627,33,8111.24,5.872277954489846,29.02777777777778,5.263157894736842,150.55338813157758,2.5055338813157757
CMP0272,Instagram Ads,South,Awareness,3420.63,27290,1969,496,24,5152.91,7.215097105166728,25.190452006094468,4.838709677419355,50.64213317429829,1.5064213317429829
CMP0273,Youtube Ads,East,Conversion,2834.45,31828,2356,514,30,7031.48,7.40228729420636,21.816638370118845,5.836575875486381,148.07211275556105,2.4807211275556105
CMP0274,Youtube Ads,East,Conversion,3649.37,36598,2492,685,24,7322.41,6.809115252199574,27.48796147672552,3.5036496350364965,100.64860510170249,2.006486051017025
CMP0275,Google Ads,East,Conversion,2572.07,20037,1541,228,13,3587.22,7.690772071667415,14.795587280986371,5.701754385964912,39.46821042973168,1.3946821042973168
CMP0276,Google Ads,West,Consideration,5029.45,61502,4019,1058,56,17355.78,6.53474683750122,26.324956456830055,5.293005671077505,245.08306077205256,3.450830607720526
CMP0277,Instagram Ads,North,Conversion,3654.45,45448,1169,282,10,2605.25,2.5721703925365254,24.123182207014544,3.546099290780142,-28.710202629670672,0.7128979737032933
CMP0278,Facebook Ads,East,Conversion,3769.29,32890,1427,261,11,2339.94,4.338704773487382,18.29011913104415,4.21455938697318,-37.92093471184228,0.6207906528815772
CMP0279,Instagram Ads,North,Consideration,2660.2,19712,1419,243,12,3269.72,7.1986607142857135,17.12473572938689,4.938271604938271,22.912562965190588,1.229125629651906
CMP0280,Instagram Ads,West,Conversion,3828.21,34433,977,182,12,3223.82,2.8373943600615688,18.62845445240532,6.593406593406594,-15.78779638525577,0.8421220361474423
CMP0281,Youtube Ads,South,Awareness,4684.41,38383,1922,490,16,4092.11,5.007425162181174,25.494276795005206,3.2653061224489797,-12.64406830315877,0.8735593169684123
CMP0282,Social Media,East,Consideration,3151.82,27288,1389,411,14,3465.99,5.0901495162708885,29.589632829373652,3.40632603406326,9.967891567411833,1.0996789156741182
CMP0283,Google Ads,North,Awareness,4025.82,46004,3094,606,34,9753.16,6.725502130249543,19.586296056884294,5.6105610561056105,142.2651782742398,2.4226517827423977
CMP0284,Email,North,Awareness,1500.55,12883,480,99,7,1730.11,3.725840254599084,20.625,7.07070707070707,15.298390590116954,1.1529839059011695
CMP0285,Facebook Ads,East,Awareness,3734.31,39665,1174,156,8,1679.13,2.9597882263960673,13.287904599659283,5.128205128205128,-55.03506671915294,0.4496493328084707
CMP0286,Email,South,Conversion,1822.47,13764,838,194,17,4170.67,6.088346410927056,23.15035799522673,8.762886597938143,128.84711408143892,2.2884711408143894
CMP0287,Google Ads,South,Consideration,4813.42,54101,3332,587,31,9522.06,6.158851037873607,17.61704681872749,5.281090289608177,97.82316938891681,1.978231693889168
CMP0288,Facebook Ads,South,Conversion,2855.93,34832,2849,396,12,3116.94,8.179260450160772,13.8996138996139,3.0303030303030303,9.139229602966466,1.0913922960296647
CMP0289,Social Media,West,Awareness,2748.16,22578,1360,334,18,4289.13,6.023562760209053,24.558823529411764,5.389221556886228,56.07279052165814,1.5607279052165814
CMP0290,Facebook Ads,North,Consideration,3820.7,27097,1625,269,10,2607.34,5.996973834741853,16.553846153846155,3.717472118959108,-31.757531342424155,0.6824246865757584
CMP0291,Email,North,Consideration,2164.29,17598,1149,339,20,4435.14,6.529151039890897,29.50391644908616,5.899705014749262,104.92355460682259,2.0492355460682257
CMP0292,Email,North,Conversion,1691.76,16243,496,126,13,3386.45,3.0536230991811855,25.403225806451612,10.317460317460316,100.17319241499976,2.0017319241499973
CMP0293,Instagram Ads,West,Consideration,2764.15,31347,800,180,10,2682.98,2.552078348805308,22.5,5.555555555555555,-2.9365265994971352,0.9706347340050286
CMP0294,Google Ads,North,Consideration,2985.43,25233,1711,233,12,4026.76,6.780802916815282,13.617767387492693,5.150214592274678,34.8804024880838,1.3488040248808382
CMP0295,Email,West,Conversion,1546.06,13334,531,69,5,1438.39,3.982300884955752,12.994350282485875,7.246376811594203,-6.96415404318072,0.9303584595681927
CMP0296,Google Ads,South,Consideration,3677.95,39134,2558,344,28,9284.99,6.536515561915469,13.44800625488663,8.13953488372093,152.45014206283392,2.524501420628339
CMP0297,Instagram Ads,East,Awareness,3269.83,41187,2374,370,21,5827.54,5.76395464588341,15.585509688289806,5.675675675675676,78.22149775370585,1.7822149775370586
CMP0298,Social Media,North,Awareness,2712.4,30995,1744,230,10,2813.44,5.626713986126795,13.188073394495412,4.3478260869565215,3.7251142899277374,1.0372511428992774
CMP0299,Facebook Ads,North,Conversion,4295.29,36995,1742,489,22,5447.83,4.708744424922287,28.07118254879449,4.4989775051124745,26.832646922559363,1.2683264692255936
CMP0300,Email,South,Awareness,2565.89,24956,1567,258,23,5977.97,6.279051129988781,16.464582003828973,8.914728682170542,132.97842074290014,2.3297842074290016
CMP0301,Email,East,Conversion,2445.57,30857,889,238,16,4182.35,2.881031856628966,26.77165354330709,6.722689075630252,71.01739062876958,1.7101739062876957
CMP0302,Google Ads,West,Consideration,3620.41,25818,1111,233,10,2963.46,4.303199318305059,20.97209720972097,4.291845493562231,-18.145734875331794,0.818542651246682
CMP0303,Facebook Ads,East,Conversion,3280.46,35858,1456,216,7,1347.0,4.060460706118579,14.835164835164836,3.2407407407407405,-58.938685428263106,0.4106131457173689
CMP0304,Facebook Ads,South,Conversion,4535.47,36800,2386,664,32,7672.17,6.483695652173912,27.829002514668904,4.819277108433735,69.15931535210242,1.6915931535210242
CMP0305,Instagram Ads,South,Conversion,2821.09,24991,999,212,11,2681.0,3.997439078068105,21.22122122122122,5.188679245283019,-4.965811087203887,0.9503418891279611
CMP0306,Youtube Ads,East,Consideration,3470.21,31657,2365,619,24,7580.47,7.47070158258837,26.17336152219873,3.877221324717286,118.44412874148827,2.1844412874148826
CMP0307,Google Ads,West,Conversion,4105.16,37465,2073,599,47,12074.8,5.5331642866675566,28.895320791123975,7.846410684474124,194.13713472800086,2.9413713472800085
CMP0308,Social Media,West,Consideration,2647.55,24771,1441,303,11,3037.55,5.817286342900973,21.02706453851492,3.6303630363036308,14.730599988668768,1.1473059998866877
CMP0309,Instagram Ads,North,Consideration,3497.77,42506,2971,591,33,7475.56,6.989601468028043,19.89229215752272,5.583756345177665,113.72360103723231,2.137236010372323
CMP0310,Social Media,West,Consideration,2717.21,30003,1072,262,10,2138.74,3.57297603572976,24.44029850746269,3.816793893129771,-21.289116409846873,0.7871088359015312
CMP0311,Google Ads,East,Conversion,4937.72,49819,1727,233,10,2633.23,3.4665489070434976,13.491603937463811,4.291845493562231,-46.67113566585388,0.5332886433414612
CMP0312,Email,South,Conversion,2097.58,25894,1022,187,11,2653.58,3.9468602765119334,18.297455968688844,5.88235294117647,26.50673633425185,1.2650673633425185
CMP0313,Email,North,Conversion,2586.26,21911,623,118,8,1927.84,2.843320706494455,18.940609951845907,6.779661016949152,-25.458383921183497,0.7454161607881651
CMP0314,Youtube Ads,North,Consideration,4203.94,53638,3324,732,30,8101.06,6.197099071553749,22.021660649819495,4.098360655737705,92.7016084910822,1.927016084910822
CMP0315,Instagram Ads,South,Consideration,4010.32,44967,1587,333,16,4618.74,3.529254786843685,20.982986767485823,4.804804804804805,15.171357896626695,1.151713578966267
CMP0316,Facebook Ads,West,Conversion,3852.47,41562,2366,333,14,2744.35,5.692700062557144,14.074387151310228,4.2042042042042045,-28.763883949777675,0.7123611605022233
CMP0317,Google Ads,South,Awareness,3523.12,39291,1468,279,22,5879.24,3.7362245806927796,19.005449591280655,7.885304659498208,66.87595086173619,1.6687595086173619
CMP0318,Email,West,Awareness,1667.78,16755,840,103,10,2272.83,5.0134288272157566,12.261904761904761,9.70873786407767,36.27876578445598,1.36278765784456
CMP0319,Email,South,Conversion,2649.14,28532,1892,313,17,4876.17,6.631150988363942,16.543340380549683,5.431309904153355,84.06614976935913,1.8406614976935913
CMP0320,Social Media,East,Awareness,1999.61,20423,1535,411,24,5873.95,7.516035841942907,26.775244299674267,5.839416058394161,193.75478218252562,2.937547821825256
CMP0321,Facebook Ads,West,Awareness,4310.51,41845,1506,412,21,4681.02,3.5989962958537456,27.35723771580345,5.097087378640777,8.595502620339593,1.085955026203396
CMP0322,Instagram Ads,East,Awareness,2662.13,19844,957,253,17,3915.17,4.822616407982261,26.436781609195403,6.719367588932807,47.06907626599752,1.4706907626599752
CMP0323,Facebook Ads,North,Awareness,4149.78,53152,1541,364,10,2159.11,2.89923239012643,23.621025308241403,2.7472527472527473,-47.97049482141221,0.5202950517858779
CMP0324,Social Media,South,Awareness,1488.9,17603,897,268,13,3002.71,5.095722320059081,29.87736900780379,4.850746268656716,101.67304721606554,2.0167304721606554
CMP0325,Youtube Ads,North,Conversion,3453.98,31898,928,173,7,2084.59,2.90927330867139,18.642241379310345,4.046242774566474,-39.646726385213576,0.6035327361478643
CMP0326,Instagram Ads,North,Consideration,2357.58,25792,1741,211,9,2433.58,6.750155086848634,12.11947156806433,4.265402843601896,3.2236445847012614,1.0322364458470126
CMP0327,Facebook Ads,North,Consideration,3469.43,41032,2928,640,18,4428.39,7.135893936439852,21.85792349726776,2.8125,27.64027520370783,1.2764027520370782
CMP0328,Facebook Ads,North,Conversion,3595.77,37763,2715,693,33,7487.26,7.18957709927707,25.524861878453038,4.761904761904762,108.22410777107547,2.0822410777107545
CMP0329,Google Ads,South,Awareness,4509.78,48357,3362,506,25,8421.91,6.952457762061336,15.050565139797738,4.940711462450593,86.74769057470654,1.8674769057470653
CMP0330,Social Media,North,Conversion,2112.51,24293,1931,495,25,6473.68,7.948791833038324,25.63438632832729,5.05050505050505,206.4449399056099,3.064449399056099
CMP0331,Social Media,South,Conversion,2585.79,27911,959,196,11,2494.35,3.43592132134284,20.437956204379564,5.612244897959184,-3.536250043507015,0.9646374995649298
CMP0332,Instagram Ads,South,Awareness,3508.31,28815,1262,206,9,2247.07,4.379663369772688,16.323296354992074,4.368932038834951,-35.95007282708768,0.6404992717291232
CMP0333,Email,East,Consideration,1805.06,14670,434,106,8,2366.29,2.958418541240627,24.42396313364055,7.547169811320755,31.092041261786314,1.310920412617863
CMP0334,Email,West,Conversion,2092.34,22925,1668,281,25,6125.74,7.275899672846238,16.84652278177458,8.896797153024911,192.76981752487643,2.9276981752487643
CMP0335,Email,West,Conversion,1855.68,16602,683,105,9,2168.13,4.1139621732321405,15.373352855051245,8.571428571428571,16.837493533367823,1.1683749353336783
CMP0336,Email,South,Consideration,1979.25,20924,855,204,19,5544.21,4.086216784553623,23.859649122807017,9.313725490196079,180.11671087533156,2.8011671087533156
CMP0337,Youtube Ads,East,Consideration,3410.87,25684,1719,320,13,3021.77,6.692882728546954,18.61547411285631,4.0625,-11.407646729426801,0.885923532705732
CMP0338,Instagram Ads,South,Awareness,3314.29,28361,766,213,9,2351.4,2.700892070096259,27.806788511749346,4.225352112676056,-29.05267794912334,0.7094732205087666
CMP0339,Google Ads,South,Conversion,4272.08,38184,3011,842,47,15883.53,7.885501780850618,27.96413151776818,5.581947743467933,271.7985150090823,3.7179851500908225
CMP0340,Email,South,Awareness,1714.64,22250,1658,451,30,8204.4,7.451685393258427,27.20144752714113,6.651884700665188,378.491111836887,4.7849111183688695
CMP0341,Google Ads,East,Conversion,4772.13,57972,4919,804,35,10088.26,8.485130752777202,16.344785525513316,4.353233830845771,111.3995218068242,2.113995218068242
CMP0342,Google Ads,West,Consideration,4663.03,36280,955,176,13,3951.58,2.6323042998897463,18.429319371727747,7.386363636363637,-15.257246897403617,0.8474275310259638
CMP0343,Email,East,Consideration,2150.49,18047,466,120,10,2903.7,2.582146617166288,25.75107296137339,8.333333333333332,35.02504080465383,1.3502504080465383
CMP0344,Google Ads,North,Consideration,3207.96,23205,1745,403,26,8057.36,7.519931049342814,23.0945558739255,6.451612903225806,151.16772029576427,2.511677202957643
CMP0345,Google Ads,East,Awareness,4388.48,46016,3885,995,60,19098.05,8.442715577190542,25.611325611325615,6.030150753768844,335.1859869476448,4.351859869476447
CMP0346,Facebook Ads,East,Awareness,4277.22,39929,1546,351,18,4653.79,3.871872573818528,22.703751617076325,5.128205128205128,8.804083025890641,1.0880408302589064
CMP0347,Facebook Ads,East,Awareness,3838.24,31741,2689,797,35,8712.9,8.471692763302983,29.639271104499816,4.391468005018821,127.00248030347242,2.2700248030347243
CMP0348,Email,East,Awareness,1119.59,12640,765,99,8,2259.24,6.052215189873418,12.941176470588237,8.080808080808081,101.79172732875428,2.0179172732875426
CMP0349,Google Ads,West,Conversion,3399.47,43003,1506,316,22,6979.7,3.502081250145338,20.98273572377158,6.962025316455696,105.31729946138664,2.0531729946138664
CMP0350,Facebook Ads,North,Consideration,4560.12,49668,2062,305,13,3030.9,4.151566400901989,14.791464597478177,4.2622950819672125,-33.53464382516249,0.6646535617483751
CMP0351,Google Ads,West,Awareness,4625.54,45011,2928,792,39,9689.28,6.505076536846549,27.049180327868854,4.924242424242424,109.47348850080208,2.094734885008021
CMP0352,Youtube Ads,West,Conversion,3282.37,38320,2359,580,31,9466.33,6.156054279749478,24.586689275116573,5.344827586206897,188.39923591794954,2.8839923591794956
CMP0353,Facebook Ads,East,Conversion,3628.2,36031,1769,261,11,2291.63,4.909661125142239,14.754098360655737,4.21455938697318,-36.838377156716824,0.6316162284328317
CMP0354,Email,South,Conversion,1980.84,24815,1488,337,24,5417.54,5.996373161394318,22.647849462365592,7.121661721068249,173.49710223945397,2.73497102239454
CMP0355,Email,South,Conversion,1776.04,13333,818,227,22,6181.41,6.135153378834471,27.750611246943762,9.691629955947137,248.04452602418863,3.4804452602418863
CMP0356,Facebook Ads,West,Awareness,3307.32,27342,2099,586,19,4631.85,7.676834174530027,27.918056217246306,3.242320819112628,40.04843801023185,1.4004843801023186
CMP0357,Email,West,Consideration,2090.1,27136,727,204,17,5262.82,2.6790978773584904,28.060522696011002,8.333333333333332,151.79752164968184,2.517975216496818
CMP0358,Facebook Ads,East,Conversion,3190.74,31237,2369,310,11,2113.76,7.583954925248904,13.085690164626424,3.5483870967741935,-33.753298607846446,0.6624670139215355
CMP0359,Youtube Ads,West,Conversion,3755.49,27889,1049,169,7,1784.15,3.761339596256589,16.11058150619638,4.142011834319527,-52.492218059427664,0.4750778194057234
CMP0360,Facebook Ads,East,Awareness,3116.22,23701,830,121,6,1472.79,3.50196194253407,14.578313253012048,4.958677685950414,-52.73793249513834,0.4726206750486166
CMP0361,Google Ads,South,Conversion,4153.31,36010,2625,469,26,7022.58,7.289641766176063,17.866666666666667,5.543710021321962,69.08393546352185,1.6908393546352185
CMP0362,Facebook Ads,South,Awareness,3910.68,30417,1228,225,10,1918.17,4.037216030509255,18.322475570032573,4.444444444444445,-50.95047408634815,0.4904952591365185
CMP0363,Google Ads,North,Awareness,4649.84,36647,1669,460,22,5607.75,4.5542609217671295,27.561414020371476,4.782608695652174,20.60092390275794,1.2060092390275794
CMP0364,Facebook Ads,South,Consideration,3238.79,32087,1384,306,15,2963.41,4.313273288247577,22.109826589595375,4.901960784313726,-8.502558054088103,0.914974419459119
CMP0365,Youtube Ads,West,Consideration,4029.05,31686,1978,334,15,3559.12,6.2425045761535065,16.885743174924166,4.491017964071856,-11.663543515220717,0.8833645648477928
CMP0366,Google Ads,South,Consideration,6235.93,60847,2640,707,31,8958.65,4.338751294229789,26.78030303030303,4.384724186704385,43.66181146998121,1.436618114699812
CMP0367,Youtube Ads,East,Awareness,5120.67,53489,3478,903,49,12698.9,6.502271495073754,25.963197239792983,5.426356589147287,147.9929384240734,2.479929384240734
CMP0368,Youtube Ads,South,Conversion,3674.49,37583,2834,844,47,12436.37,7.540643375994466,29.78122794636556,5.568720379146919,238.45159464306613,3.3845159464306613
CMP0369,Social Media,North,Awareness,2478.0,28372,1547,320,19,4452.8,5.452558860848724,20.68519715578539,5.9375,79.69330104923326,1.7969330104923327
CMP0370,Email,South,Awareness,1344.72,16350,807,144,11,3194.21,4.935779816513762,17.843866171003718,7.638888888888889,137.5371824617764,2.375371824617764
CMP0371,Email,East,Conversion,1721.14,21873,777,172,14,3717.78,3.55232478398025,22.136422136422137,8.13953488372093,116.00683268066514,2.1600683268066514
CMP0372,Email,East,Conversion,1702.85,18507,717,157,11,3093.33,3.8742097584697683,21.896792189679218,7.006369426751593,81.65604721496315,1.8165604721496316
CMP0373,Email,West,Conversion,1870.24,15170,632,100,6,1776.84,4.1661173368490445,15.822784810126583,6.0,-4.994011463769361,0.9500598853623063
CMP0374,Facebook Ads,South,Conversion,2888.95,25175,2029,597,25,4950.28,8.05958291956306,29.42336126170527,4.1876046901172534,71.35222139531663,1.7135222139531663
CMP0375,Email,East,Conversion,2194.62,20200,610,134,13,3814.58,3.01980198019802,21.9672131147541,9.701492537313433,73.81505682077079,1.738150568207708
CMP0376,Social Media,North,Consideration,2269.06,18267,1194,190,7,1941.95,6.536377073411069,15.912897822445563,3.684210526315789,-14.416101821899813,0.8558389817810018
CMP0377,Youtube Ads,West,Awareness,3311.31,23192,1791,470,22,6608.8,7.722490513970334,26.242322724734784,4.680851063829787,99.58264251912387,1.9958264251912385
CMP0378,Email,North,Consideration,1512.72,11969,628,115,7,1856.67,5.246887793466455,18.312101910828023,6.086956521739131,22.737188640330004,1.2273718864033
CMP0379,Instagram Ads,South,Consideration,2494.29,21024,1671,341,18,5022.91,7.948059360730593,20.40694195092759,5.278592375366569,101.37634356871092,2.0137634356871095
CMP0380,Social Media,South,Awareness,2199.5,17435,945,186,9,2591.67,5.420131918554631,19.682539682539684,4.838709677419355,17.82996135485338,1.1782996135485337
CMP0381,Email,South,Conversion,1629.5,19497,687,86,5,1259.89,3.5236190183105096,12.518195050946144,5.813953488372093,-22.682417919607232,0.7731758208039277
CMP0382,Facebook Ads,West,Consideration,4499.64,45282,2803,795,32,7219.14,6.19009761052957,28.36246878344631,4.0251572327044025,60.43816838680427,1.6043816838680427
CMP0383,Facebook Ads,East,Awareness,2249.49,27072,937,116,4,821.14,3.4611406619385345,12.379935965848453,3.4482758620689653,-63.49661478824089,0.36503385211759115
CMP0384,Youtube Ads,West,Awareness,5110.74,37296,2553,357,17,4353.01,6.845238095238096,13.983548766157462,4.761904761904762,-14.82622868703944,0.8517377131296056
CMP0385,Instagram Ads,North,Conversion,2775.26,32772,1590,405,16,4481.88,4.851702673013548,25.471698113207548,3.950617283950617,61.49405821436549,1.6149405821436549
CMP0386,Instagram Ads,West,Awareness,2389.76,20125,1321,293,20,4927.81,6.563975155279503,22.18016654049962,6.825938566552901,106.2052256293519,2.062052256293519
CMP0387,Social Media,North,Conversion,2544.13,29642,1157,210,7,1993.36,3.903245395047568,18.150388936905788,3.3333333333333335,-21.64865789090967,0.7835134210909033
CMP0388,Email,West,Consideration,2219.86,24434,1978,331,28,7916.82,8.095277072931161,16.73407482305359,8.459214501510575,256.63600407232883,3.5663600407232887
CMP0389,Instagram Ads,East,Consideration,3469.34,44001,3436,869,39,9248.51,7.808913433785595,25.29103608847497,4.487917146144994,166.578369372849,2.66578369372849
CMP0390,Instagram Ads,North,Consideration,2754.01,35196,901,224,13,3470.81,2.5599499943175363,24.861265260821312,5.803571428571429,26.027501715680035,1.2602750171568002
CMP0391,Youtube Ads,South,Conversion,3476.01,33567,1364,247,13,4132.74,4.063514761521732,18.10850439882698,5.263157894736842,18.89321377096152,1.1889321377096151
CMP0392,Google Ads,South,Consideration,4026.46,32672,1547,444,20,5117.49,4.734941234084231,28.700711053652228,4.504504504504505,27.096506608782896,1.2709650660878289
CMP0393,Google Ads,West,Conversion,4444.99,35127,2918,584,37,10046.83,8.307000313149429,20.013708019191228,6.335616438356165,126.02593031705358,2.260259303170536
CMP0394,Instagram Ads,South,Consideration,2380.25,23387,1513,386,24,6313.57,6.469406080301023,25.512227362855256,6.217616580310881,165.24818821552356,2.652481882155236
CMP0395,Social Media,North,Awareness,2072.99,19516,1523,428,26,5989.51,7.8038532486165195,28.10242941562705,6.074766355140187,188.93096445231288,2.889309644523129
CMP0396,Youtube Ads,South,Conversion,5126.65,57143,2359,364,13,3403.78,4.128239679400802,15.43026706231454,3.571428571428571,-33.60615606682726,0.6639384393317275
CMP0397,Youtube Ads,East,Conversion,4758.6,36733,2538,547,21,5797.5,6.909318596357498,21.552403467297086,3.8391224862888484,21.832051443701918,1.2183205144370193
CMP0398,Google Ads,East,Conversion,4004.31,35236,2141,424,21,5425.0,6.076172096719264,19.803829985987857,4.952830188679245,35.479021354490534,1.3547902135449055
CMP0399,Instagram Ads,West,Conversion,3492.14,31651,2183,520,35,9951.75,6.8970964582477645,23.820430600091616,6.730769230769231,184.97568825992087,2.8497568825992086
CMP0400,Instagram Ads,North,Conversion,3057.11,31792,2048,576,28,6750.65,6.4418721690991445,28.125,4.861111111111112,120.81802748347292,2.2081802748347292
CMP0401,Email,East,Conversion,1760.24,18414,972,137,14,3367.52,5.278592375366569,14.094650205761317,10.218978102189782,91.31027587147207,1.9131027587147207
CMP0402,Youtube Ads,East,Conversion,3965.55,29358,1781,450,14,4084.48,6.066489542884393,25.266704098820885,3.111111111111111,2.999079572820916,1.029990795728209
CMP0403,Google Ads,North,Conversion,3480.35,27965,1652,286,23,7580.85,5.90738423028786,17.312348668280872,8.041958041958042,117.81861019725028,2.178186101972503
CMP0404,Instagram Ads,South,Conversion,3041.84,39243,1592,468,23,5586.88,4.0567744565909845,29.396984924623116,4.914529914529915,83.66778002787785,1.8366778002787785
CMP0405,Social Media,South,Consideration,2313.88,19342,1196,197,10,2341.74,6.183435011891221,16.471571906354516,5.0761421319796955,1.2040382388023436,1.0120403823880235
CMP0406,Youtube Ads,West,Conversion,5225.16,62395,4632,953,38,10022.95,7.423671768571199,20.57426597582038,3.987408184679958,91.82092031631569,1.918209203163157
CMP0407,Google Ads,South,Awareness,3758.8,31026,933,190,12,3982.23,3.007155289112357,20.364415862808148,6.315789473684211,5.944184314142807,1.059441843141428
CMP0408,Email,North,Conversion,2136.43,17791,851,225,22,5631.99,4.783317407678039,26.439482961222094,9.777777777777779,163.6168748800569,2.636168748800569
CMP0409,Youtube Ads,East,Conversion,2587.44,32589,1046,301,15,4196.0,3.209671975206358,28.776290630975144,4.983388704318937,62.16801162539034,1.6216801162539034
CMP0410,Email,South,Awareness,1674.12,12046,644,124,8,2245.87,5.346173003486634,19.25465838509317,6.451612903225806,34.152271043891716,1.3415227104389171
CMP0411,Social Media,West,Conversion,2526.54,28520,830,161,6,1532.85,2.9102384291725105,19.397590361445783,3.7267080745341614,-39.3300719561139,0.606699280438861
CMP0412,Youtube Ads,South,Awareness,4213.7,53222,3443,460,18,5067.68,6.469129307429259,13.36044147545745,3.91304347826087,20.266748937988005,1.20266748937988
CMP0413,Youtube Ads,North,Consideration,4713.67,56036,3457,647,24,5748.12,6.16924834035263,18.71564940700029,3.7094281298299845,21.945745035184892,1.219457450351849
CMP0414,Facebook Ads,West,Conversion,3382.11,30876,1537,371,16,3078.37,4.977976421816297,24.137931034482758,4.31266846361186,-8.9807841850206,0.910192158149794
CMP0415,Facebook Ads,South,Awareness,2821.01,22401,1671,213,8,1599.61,7.459488415695728,12.746858168761221,3.755868544600939,-43.29654981726404,0.5670345018273596
CMP0416,Google Ads,West,Conversion,3900.87,47886,2797,452,29,9301.63,5.840955602890197,16.1601716124419,6.415929203539823,138.45014060965886,2.3845014060965886
CMP0417,Social Media,North,Conversion,2601.37,28039,1379,352,17,4435.38,4.918149720032812,25.525743292240755,4.829545454545454,70.5016971826384,1.705016971826384
CMP0418,Social Media,East,Consideration,2811.73,26910,1853,497,18,4931.39,6.885916016350799,26.821370750134914,3.6217303822937628,75.3863279902409,1.753863279902409
CMP0419,Facebook Ads,North,Awareness,4377.94,41974,2003,570,19,4788.08,4.772001715347597,28.457314028956564,3.3333333333333335,9.368333051617892,1.0936833305161788
CMP0420,Instagram Ads,North,Awareness,3075.79,30463,1701,298,16,3855.3,5.583822998391491,17.519106407995295,5.369127516778524,25.343407709889178,1.2534340770988917
CMP0421,Instagram Ads,North,Consideration,2948.99,33530,1533,369,23,6792.85,4.572025052192067,24.070450097847356,6.233062330623306,130.34496556448144,2.303449655644814
CMP0422,Instagram Ads,North,Conversion,3226.59,30334,2183,366,25,5368.87,7.1965451308762445,16.765918460833714,6.830601092896176,66.39455276313382,1.6639455276313382
CMP0423,Email,East,Consideration,2334.43,25978,837,241,15,4165.06,3.221957040572793,28.793309438470725,6.224066390041494,78.41871463269409,1.784187146326941
CMP0424,Google Ads,East,Awareness,5009.38,41758,1813,395,24,6306.31,4.341683030796494,21.787093215664644,6.075949367088607,25.890030303151295,1.258900303031513
CMP0425,Email,West,Consideration,1702.52,19653,1550,209,15,3451.84,7.886836615275021,13.483870967741934,7.177033492822966,102.74886638629796,2.0274886638629797
CMP0426,Facebook Ads,South,Consideration,2816.26,19994,1293,295,9,1845.03,6.466940082024607,22.815158546017013,3.050847457627119,-34.48651758005298,0.6551348241994701
CMP0427,Google Ads,East,Conversion,4571.35,57410,2880,371,16,4876.09,5.01654763978401,12.881944444444443,4.31266846361186,6.666302077066945,1.0666630207706695
CMP0428,Youtube Ads,East,Awareness,3648.66,34141,912,205,6,1823.44,2.6712750065903164,22.478070175438596,2.9268292682926833,-50.024392516704765,0.4997560748329524
CMP0429,Social Media,South,Conversion,2459.84,25902,1265,373,18,4088.16,4.883792757316038,29.48616600790514,4.825737265415549,66.19617536099908,1.6619617536099907
CMP0430,Email,East,Consideration,1787.83,20124,830,234,17,4607.65,4.124428543033194,28.19277108433735,7.264957264957266,157.72304973067907,2.577230497306791
CMP0431,Email,North,Conversion,1767.89,21204,1555,249,16,4726.0,7.333521976985474,16.012861736334404,6.425702811244979,167.3243244772016,2.6732432447720162
CMP0432,Instagram Ads,North,Consideration,2674.48,33651,1033,207,10,2886.85,3.069745327033372,20.038722168441435,4.830917874396135,7.940609015584334,1.0794060901558433
CMP0433,Facebook Ads,South,Consideration,1716.27,15457,752,161,5,1155.22,4.86510965905415,21.409574468085108,3.1055900621118013,-32.690077901495684,0.6730992209850432
CMP0434,Email,West,Conversion,1678.56,19861,1402,207,12,2944.85,7.059060470268365,14.764621968616263,5.797101449275362,75.43906681917835,1.7543906681917834
CMP0435,Email,West,Awareness,1425.99,15797,448,56,4,1137.77,2.8359815154776222,12.5,7.142857142857142,-20.211922944761184,0.7978807705523882
CMP0436,Instagram Ads,South,Conversion,2054.01,16761,1064,177,12,3490.47,6.348069924228865,16.63533834586466,6.779661016949152,69.93442096192324,1.6993442096192324
CMP0437,Email,South,Conversion,1475.28,13967,550,132,13,3669.27,3.937853511849359,24.0,9.848484848484848,148.71685374979663,2.4871685374979666
CMP0438,Instagram Ads,North,Awareness,2593.68,30984,1512,223,14,3416.58,4.8799380325329205,14.74867724867725,6.278026905829597,31.727121310261875,1.3172712131026187
CMP0439,Instagram Ads,West,Consideration,2353.73,17623,1490,220,15,4470.18,8.454860125971742,14.76510067114094,6.8181818181818175,89.9189796620683,1.899189796620683
CMP0440,Email,East,Conversion,2089.56,24579,1586,355,35,8656.86,6.45266284226372,22.383354350567465,9.859154929577464,314.2910469189686,4.142910469189686
CMP0441,Email,North,Awareness,2539.26,24039,1217,218,18,5371.24,5.062606597612214,17.91290057518488,8.256880733944955,111.52776793238972,2.1152776793238974
CMP0442,Youtube Ads,South,Consideration,3466.42,28456,2306,562,30,8461.8,8.103739105988192,24.37120555073721,5.338078291814947,144.1077538209449,2.4410775382094494
CMP0443,Google Ads,West,Consideration,3480.05,40341,1620,446,21,5444.97,4.015765598274708,27.530864197530864,4.708520179372197,56.462407149322566,1.5646240714932256
CMP0444,Google Ads,East,Consideration,3688.19,47485,3106,846,47,14812.67,6.541012951458355,27.237604636188024,5.555555555555555,301.6243740154385,4.016243740154384
CMP0445,Instagram Ads,East,Awareness,3900.3,43274,2575,507,23,6434.27,5.950455238711466,19.689320388349515,4.536489151873767,64.96859215957748,1.6496859215957747
CMP0446,Youtube Ads,North,Conversion,4969.31,41531,2763,447,21,6302.08,6.652861717753004,16.178067318132463,4.697986577181208,26.820021290682195,1.268200212906822
CMP0447,Youtube Ads,West,Conversion,4099.19,49586,1373,346,14,3846.09,2.768926713185173,25.20029133284778,4.046242774566474,-6.174390550328223,0.9382560944967178
CMP0448,Instagram Ads,West,Conversion,2466.55,31012,1393,283,10,2196.4,4.491809622081775,20.315865039483132,3.53356890459364,-10.952545052806554,0.8904745494719345
CMP0449,Google Ads,South,Conversion,3390.44,34883,1237,214,15,5167.17,3.5461399535590403,17.299919159256266,7.009345794392523,52.40411274052925,1.5240411274052925
CMP0450,Email,West,Awareness,2419.3,17666,1385,310,25,6663.13,7.839918487490094,22.382671480144403,8.064516129032258,175.41561608729796,2.7541561608729794
CMP0451,Instagram Ads,West,Conversion,2098.96,26244,1296,188,11,2619.85,4.938271604938271,14.506172839506174,5.851063829787234,24.816575828029112,1.2481657582802912
CMP0452,Facebook Ads,North,Awareness,4286.06,43515,2909,820,39,9324.11,6.685051131793634,28.188380886902713,4.7560975609756095,117.54501803521183,2.1754501803521182
CMP0453,Google Ads,West,Awareness,4477.92,39293,984,166,8,2509.41,2.504262845799506,16.869918699186993,4.819277108433735,-43.96036552685176,0.5603963447314825
CMP0454,Youtube Ads,East,Consideration,4003.96,43251,2621,322,16,4161.18,6.059975491896141,12.285387256772225,4.968944099378882,3.926612653473068,1.0392661265347307
CMP0455,Email,North,Consideration,2015.6,18254,603,82,8,2436.59,3.3033855593294623,13.598673300165837,9.75609756097561,20.8865846398095,1.208865846398095
CMP0456,Google Ads,North,Conversion,5667.56,61769,1927,370,27,8792.6,3.1196878693195615,19.2008303061754,7.297297297297297,55.139072193324814,1.5513907219332481
CMP0457,Email,South,Conversion,1503.13,12816,330,71,7,2157.01,2.5749063670411987,21.515151515151516,9.859154929577464,43.501227438744486,1.435012274387445
CMP0458,Google Ads,West,Consideration,5224.71,54308,3034,410,27,7696.83,5.586653899977904,13.513513513513514,6.585365853658537,47.31592758258353,1.4731592758258354
CMP0459,Email,South,Awareness,1294.08,10924,335,59,3,711.29,3.066642255584035,17.611940298507463,5.084745762711865,-45.03508283877349,0.5496491716122651
CMP0460,Email,East,Conversion,2287.11,29558,1526,329,32,9971.1,5.162730901955477,21.55963302752294,9.72644376899696,335.96941117829925,4.359694111782993
CMP0461,Email,North,Consideration,2213.74,19838,859,165,14,3963.11,4.330073596128642,19.20838183934808,8.484848484848486,79.02328186688592,1.7902328186688592
CMP0462,Facebook Ads,North,Consideration,3819.04,33956,1120,261,8,1852.35,3.2983861467781836,23.30357142857143,3.065134099616858,-51.49697306129289,0.48503026938707106
CMP0463,Instagram Ads,North,Awareness,3594.44,41410,3203,672,41,10933.78,7.734846655397247,20.98033093974399,6.101190476190476,204.18590934888329,3.0418590934888328
CMP0464,Facebook Ads,East,Conversion,4287.77,34815,924,158,6,1407.1,2.654028436018957,17.0995670995671,3.79746835443038,-67.18340769211035,0.3281659230788964
CMP0465,Youtube Ads,East,Conversion,3646.25,28270,2341,326,14,3987.7,8.280863105765828,13.925672789406237,4.294478527607362,9.364415495371953,1.0936441549537195
CMP0466,Google Ads,South,Awareness,4514.83,46269,1395,181,8,2447.5,3.014977630811126,12.974910394265232,4.41988950276243,-45.789763955674964,0.5421023604432503
CMP0467,Social Media,South,Awareness,1802.97,19520,1448,184,9,2357.12,7.418032786885245,12.70718232044199,4.891304347826087,30.73539770489802,1.3073539770489802
CMP0468,Youtube Ads,South,Conversion,4081.1,34745,1510,347,19,5814.72,4.345949057418333,22.980132450331126,5.475504322766571,42.479233539976974,1.4247923353997698
CMP0469,Social Media,West,Conversion,3215.43,29546,1874,382,14,3681.24,6.34265213565288,20.384204909284954,3.664921465968586,14.486709398120933,1.1448670939812093
CMP0470,Youtube Ads,North,Awareness,4303.0,44487,2069,587,18,4668.13,4.65079686200463,28.37119381343644,3.0664395229982966,8.485475249825706,1.084854752498257
CMP0471,Email,North,Conversion,1467.46,16221,790,202,15,3877.76,4.870229948831762,25.569620253164555,7.425742574257425,164.24979215787826,2.6424979215787823
CMP0472,Youtube Ads,South,Awareness,4763.46,60059,2405,340,16,5137.61,4.00439567758371,14.137214137214137,4.705882352941177,7.854584692639375,1.0785458469263938
CMP0473,Email,North,Consideration,1607.61,14526,804,119,10,3117.95,5.534902932672449,14.800995024875622,8.403361344537815,93.9494031512618,1.9394940315126181
CMP0474,Youtube Ads,South,Conversion,3783.73,36741,1700,326,11,3442.66,4.626983478947225,19.176470588235293,3.374233128834356,-9.014120986434024,0.9098587901356597
CMP0475,Google Ads,West,Consideration,2843.82,31162,1605,379,17,5594.58,5.15050381875361,23.613707165109034,4.485488126649076,96.72764098993606,1.9672764098993605
CMP0476,Youtube Ads,West,Consideration,2948.48,37277,2382,695,24,6590.78,6.389999195214208,29.177162048698573,3.4532374100719423,123.53144671152594,2.235314467115259
CMP0477,Email,East,Consideration,2270.1,21358,967,138,10,2358.02,4.527577488528888,14.270941054808686,7.246376811594203,3.872957138452054,1.0387295713845206
CMP0478,Facebook Ads,West,Awareness,4771.06,54419,2042,266,11,2561.16,3.752365901615245,13.026444662095985,4.135338345864661,-46.31884738401949,0.5368115261598051
CMP0479,Youtube Ads,South,Conversion,4049.23,36738,2688,583,18,5093.51,7.316674832598399,21.688988095238095,3.0874785591766725,25.78959456489259,1.2578959456489258
CMP0480,Google Ads,West,Consideration,4976.4,61946,3021,523,25,6546.79,4.87682820521099,17.312148295266468,4.780114722753346,31.55674784985131,1.315567478498513
CMP0481,Facebook Ads,East,Conversion,4878.21,36507,2970,760,32,8025.27,8.135426082669078,25.589225589225588,4.2105263157894735,64.51259785864077,1.6451259785864079
CMP0482,Facebook Ads,North,Awareness,2701.88,20213,1083,252,12,2967.93,5.357937960718349,23.26869806094183,4.761904761904762,9.846847380342567,1.0984684738034256
CMP0483,Google Ads,South,Awareness,4347.78,33678,2610,769,38,12152.01,7.749866381614109,29.46360153256705,4.9414824447334205,179.49919269144254,2.7949919269144257
CMP0484,Facebook Ads,North,Awareness,3535.95,25606,1263,268,11,2849.74,4.932437709911739,21.21931908155186,4.104477611940299,-19.406665818238384,0.8059333418176162
CMP0485,Facebook Ads,East,Conversion,3455.84,40979,3361,416,22,4259.91,8.201761878035091,12.377268670038678,5.288461538461538,23.266991527385517,1.2326699152738552
CMP0486,Youtube Ads,East,Consideration,5336.9,63436,2652,381,16,4645.66,4.180591462261177,14.366515837104071,4.199475065616798,-12.952088290955421,0.8704791170904458
CMP0487,Email,East,Conversion,1621.76,17185,1360,257,16,4180.39,7.913878382310154,18.897058823529413,6.22568093385214,157.76872040252564,2.5776872040252568
CMP0488,Social Media,North,Consideration,2433.84,17743,1317,353,18,4205.89,7.4226455503578865,26.803340926347758,5.099150141643059,72.80881241166223,1.7280881241166224
CMP0489,Youtube Ads,North,Conversion,4077.3,48746,3065,800,38,10208.18,6.287695400648258,26.101141924959215,4.75,150.36617369337552,2.503661736933755
CMP0490,Youtube Ads,North,Awareness,4871.94,62105,3568,816,29,8370.1,5.745109089445295,22.869955156950674,3.553921568627451,71.80219789242071,1.718021978924207
CMP0491,Google Ads,North,Conversion,3226.04,23735,1454,374,24,6468.42,6.125974299557615,25.722145804676757,6.417112299465241,100.50650332915897,2.0050650332915896
CMP0492,Facebook Ads,East,Conversion,3789.68,41683,1242,247,8,1609.63,2.9796319842621695,19.887278582930755,3.2388663967611335,-57.52596525300289,0.42474034746997114
CMP0493,Social Media,East,Conversion,2285.06,16696,815,172,8,1889.23,4.881408720651653,21.104294478527606,4.651162790697675,-17.32252107165676,0.8267747892834324
CMP0494,Social Media,South,Conversion,1935.19,23289,785,165,6,1259.86,3.3706900253338485,21.019108280254777,3.6363636363636362,-34.89734858075952,0.6510265141924048
CMP0495,Google Ads,South,Conversion,5481.97,67253,3932,1151,51,13078.84,5.846579334750866,29.27263479145473,4.430929626411816,138.57919689454704,2.3857919689454703
CMP0496,Social Media,North,Consideration,3353.78,24363,879,191,10,2078.29,3.607930057874646,21.729237770193404,5.2356020942408374,-38.03141529855865,0.6196858470144135
CMP0497,Facebook Ads,West,Awareness,3305.45,26507,864,122,5,1029.65,3.259516354170596,14.120370370370368,4.098360655737705,-68.84992966161944,0.3115007033838056
CMP0498,Email,West,Awareness,1729.16,15819,1334,324,33,7721.1,8.432897148998041,24.28785607196402,10.185185185185185,346.52316731823544,4.4652316731823545
CMP0499,Youtube Ads,East,Conversion,4586.43,34217,864,207,10,2683.2,2.5250606423707516,23.958333333333336,4.830917874396135,-41.496981312262484,0.5850301868773752
CMP0500,Youtube Ads,East,Consideration,2421.84,24067,1201,149,6,1477.41,4.990235592304815,12.406328059950042,4.026845637583892,-38.996382915469226,0.6100361708453077
